Algorytm,Cechy,Accuracy,F1-macro,Precision,Recall
EWOA,30,0.80270,0.70125,0.70356,0.70148
WOA,5,0.82320,0.73228,0.73984,0.73265
KNN-all,55,0.80184,0.70038,0.70181,0.70032
