{
  "algorithm": "EWOA",
  "n_features": 5,
  "selected_features": [
    5,
    28,
    29,
    42,
    48
  ],
  "accuracy": 0.9977609369617637,
  "f1_macro": 0.9977607902258455,
  "precision_macro": 0.9977719576393075,
  "recall_macro": 0.9977525240568748,
  "confusion_matrix": [
    [
      5840,
      6
    ],
    [
      20,
      5746
    ]
  ]
}