{
  "algorithm": "EWOA",
  "n_features": 30,
  "selected_features": [
    0,
    1,
    2,
    5,
    7,
    12,
    13,
    15,
    16,
    17,
    19,
    21,
    22,
    23,
    25,
    26,
    27,
    28,
    30,
    33,
    34,
    35,
    36,
    37,
    38,
    41,
    42,
    43,
    52,
    53
  ],
  "accuracy": 0.8027040992077161,
  "f1_macro": 0.7012533055947784,
  "precision_macro": 0.7035594350131219,
  "recall_macro": 0.7014778533295017,
  "confusion_matrix": [
    [
      5846,
      0,
      0,
      0
    ],
    [
      1,
      1160,
      414,
      331
    ],
    [
      6,
      385,
      1300,
      272
    ],
    [
      3,
      512,
      367,
      1015
    ]
  ]
}