{
  "algorithm": "WOA",
  "n_features": 5,
  "selected_features": [
    3,
    13,
    19,
    21,
    22
  ],
  "accuracy": 0.8232001377884947,
  "f1_macro": 0.7322798615737807,
  "precision_macro": 0.7398401610678947,
  "recall_macro": 0.7326491234470458,
  "confusion_matrix": [
    [
      5843,
      0,
      3,
      0
    ],
    [
      8,
      1310,
      348,
      240
    ],
    [
      8,
      386,
      1383,
      186
    ],
    [
      3,
      555,
      316,
      1023
    ]
  ]
}