{
  "algorithm": "WOA",
  "n_features": 5,
  "selected_features": [
    5,
    10,
    28,
    31,
    45
  ],
  "accuracy": 0.9976748191526008,
  "f1_macro": 0.9976746432313568,
  "precision_macro": 0.9976935650612067,
  "recall_macro": 0.9976622488477229,
  "confusion_matrix": [
    [
      5843,
      3
    ],
    [
      24,
      5742
    ]
  ]
}